INSERT INTO CITY(id, name)
VALUES (1, 'Barcelona');
INSERT INTO CITY(id, name)
VALUES (2, 'Wien');
INSERT INTO CITY(id, name)
VALUES (3, 'Munchen');

INSERT INTO CLIENT(client_token, city_id)
VALUES ('token1', 1);
INSERT INTO CLIENT(client_token, city_id)
VALUES ('token2', 2);
INSERT INTO CLIENT(client_token, city_id)
VALUES ('token3', 3);

INSERT INTO DISTRICT(id, name, city_id)
VALUES (1, 'Gràcia', 1);
INSERT INTO DISTRICT(id, name, city_id)
VALUES (2, 'Eixample', 1);
INSERT INTO DISTRICT(id, name, city_id)
VALUES (3, 'Währing', 2);
INSERT INTO DISTRICT(id, name, city_id)
VALUES (4, 'Penzing', 2);
INSERT INTO DISTRICT(id, name, city_id)
VALUES (5, 'Maxvorstadt', 3);

INSERT INTO SENSOR(id, district_id)
VALUES (1, 1);
INSERT INTO SENSOR(id, district_id)
VALUES (2, 2);
INSERT INTO SENSOR(id, district_id)
VALUES (3, 3);
INSERT INTO SENSOR(id, district_id)
VALUES (4, 4);
INSERT INTO SENSOR(id, district_id)
VALUES (5, 5);

INSERT INTO SENSOR_READING(SENSOR_ID, CARBON_READING, TIMESTAMP)
VALUES (1, 24.0, dateadd(minute, 5, now()));
INSERT INTO SENSOR_READING(SENSOR_ID, CARBON_READING, TIMESTAMP)
VALUES (1, 26.0, dateadd(minute, 10, now()));
INSERT INTO SENSOR_READING(SENSOR_ID, CARBON_READING, TIMESTAMP)
VALUES (2, 34.0, dateadd(minute, 5, now()));
INSERT INTO SENSOR_READING(SENSOR_ID, CARBON_READING, TIMESTAMP)
VALUES (2, 54.0, dateadd(minute, 10, now()));
INSERT INTO SENSOR_READING(SENSOR_ID, CARBON_READING, TIMESTAMP)
VALUES (3, 64.0, dateadd(minute, 5, now()));
INSERT INTO SENSOR_READING(SENSOR_ID, CARBON_READING, TIMESTAMP)
VALUES (3, 14.0, dateadd(minute, 10, now()));
INSERT INTO SENSOR_READING(SENSOR_ID, CARBON_READING, TIMESTAMP)
VALUES (4, 64.0, dateadd(minute, 5, now()));
INSERT INTO SENSOR_READING(SENSOR_ID, CARBON_READING, TIMESTAMP)
VALUES (4, 24.0, dateadd(minute, 10, now()));
INSERT INTO SENSOR_READING(SENSOR_ID, CARBON_READING, TIMESTAMP)
VALUES (5, 74.0, dateadd(minute, 5, now()));
INSERT INTO SENSOR_READING(SENSOR_ID, CARBON_READING, TIMESTAMP)
VALUES (5, 94.0, dateadd(minute, 10, now()));
